﻿<?xml version="1.0" encoding="utf-8" ?>
<selector xmlns:android="http://schemas.android.com/apk/res/android">
  <item android:state_pressed="true" >
    <shape>
      <solid
          android:color="#C62828" />
      <stroke
          android:width="1dp"
          android:color="#C62828" />
      <corners
          android:radius="6dp" />
      <padding
          android:left="10dp"
          android:top="10dp"
          android:right="10dp"
          android:bottom="10dp" />
    </shape>
  </item>
  <item>
    <shape>
      <solid
          android:color="#D32F2F" />
      <stroke
          android:width="1dp"
          android:color="#D32F2F" />
      <corners
          android:radius="6dp" />
      <padding
          android:left="10dp"
          android:top="10dp"
          android:right="10dp"
          android:bottom="10dp" />
    </shape>
  </item>
</selector>